Origin,cn,tc,type,type1,type2
Ack_&_Brunt,认知&冲击,認知&衝擊,武器,,
Acrid,阿克里德,阿克里德,武器,,
Afuris,盗贼双枪,盜賊雙槍,武器,,
Agkuza,驯象钩刃,馴象鉤刃,Archwing武器,,
Akbolto,螺钉双枪,螺釘雙槍,武器,,
Akbolto_Prime,螺钉双枪Prime,螺釘雙槍Prime,武器,,
Akbronco,野马双枪,野馬雙槍,武器,,
Akbronco_Prime,野马双枪Prime,野馬雙槍Prime,武器,,
AkJagara,觉醒双枪,覺醒雙槍,武器,,
Akjagara_Prime,觉醒双枪Prime,覺醒雙槍Prime,武器,,
Aklato,拉托双枪,拉托雙槍,武器,,
Aklex,雷克斯双枪,雷克斯雙槍,武器,,
Aklex_Prime,雷克斯双枪Prime,雷克斯雙槍Prime,武器,,
Akmagnus,麦格努斯双枪,麥格努斯雙槍,武器,,
Aksomati,轻灵月神双枪,輕靈月神雙槍,武器,,
Akstiletto,史提托双枪,史提托雙槍,武器,,
Akstiletto_Prime,史提托双枪Prime,史提托雙槍Prime,武器,,
Akvasto,瓦斯托双枪,瓦斯托雙槍,武器,,
Akvasto_Prime,瓦斯托双枪Prime,瓦斯托雙槍Prime,武器,,
AkZani,荒谬双枪,荒謬雙槍,武器,,
Amphis,双头蛇,雙頭蛇,武器,,
Amprex,安培克斯,安培克斯,武器,,
Angstrum,安格斯壮,安格斯壯,武器,,
Anku,夺魂死神,奪魂死神,武器,,
Ankyros,甲龙双拳,甲龍雙拳,武器,,
Ankyros_Prime,甲龙双拳Prime,甲龍雙拳Prime,武器,,
Arca_Titron,弧电振子锤,弧電振子錘,武器,,
Arcata,阿卡塔,阿卡塔,武器,月動球,
Argonak,氩格纳克,氬格納克,武器,,
Artax,阿塔克斯,阿塔克斯,武器,,
Artemis_Bow,月神狩弓,月神狩弓,武器,顯赫武器,
Astilla,碎裂者,碎裂者,武器,,
Atomos,原子矿融炮,原子礦融砲,武器,,
Atterax,阿特拉克斯,阿特拉克斯,武器,,
Attica,阿提卡,阿提卡,武器,,
Azima,方位角,方位角,武器,,
Ballistica,布里斯提卡,布里斯提卡,武器,,
Ballistica_Prime,布里斯提卡Prime,布里斯提卡Prime,武器,,
Battacor,武使之力,武使之力,武器,,
Baza,苍鹰,蒼鷹,武器,,
Baza_Prime,苍鹰Prime,蒼鷹Prime,武器,,
Bo,玻之武杖,玻之武杖,武器,,
Bo_Prime,玻之武杖Prime,玻之武杖Prime,武器,,
Boar,野猪,野豬,武器,,
Boar_Prime,野猪Prime,野豬Prime,武器,,
Boltace,螺钉拐刃,螺釘拐刃,武器,,
Bolto,螺钉手枪,螺釘手槍,武器,,
Boltor,螺钉步枪,螺釘步槍,武器,,
Boltor_Prime,螺钉步枪Prime,螺釘步槍Prime,武器,,
Brakk,布拉克,布拉克,武器,,
Braton,布莱顿,布萊頓,武器,,
Braton_Prime,布莱顿Prime,布萊頓Prime,武器,,
Braton_Vandal,布莱顿破坏者,布萊頓破壞者,武器,,
Broken_Scepter,破损珽杖,破損珽杖,武器,,
Broken_War,破碎的战争之剑,破碎的戰爭之劍,武器,,
Bronco,野马,野馬,武器,,
Bronco_Prime,野马Prime,野馬Prime,武器,,
Burst_Laser,激光点发,雷射點發,武器,,
Burston,伯斯顿,伯斯頓,武器,,
Burston_Prime,伯斯顿Prime,伯斯頓Prime,武器,,
Buzlok,巴兹火枪,巴茲火槍,武器,,
Caustacyst,灼蚀变体镰,灼蝕變體鐮,武器,,
Centaur,半人马,半人馬,Archwing武器,,
Ceramic_Dagger,陶瓷匕首,陶瓷匕首,武器,,
Cerata,裸鳃刃,裸鰓刃,武器,,
Cernos,西诺斯,西諾斯,武器,,
Cernos_Prime,西诺斯Prime,西諾斯Prime,武器,,
Cestra,锡斯特,錫斯特,武器,,
Cobra_&_Crane,眼镜蛇&鹤,眼鏡蛇&鶴,武器,,
Convectrix,导热聚焦枪,導熱聚焦槍,武器,,
Corinth,科林斯,科林斯,武器,,
Corinth_Prime,科林斯Prime,科林斯Prime,武器,,
Corvas,黑鸦,黑鴉,Archwing武器,,
Cronus,克洛诺斯,克洛諾斯,武器,,
Cycron,循环离子枪,循環離子槍,武器,,
Cyngas,合成燃气炮,合成燃氣砲,Archwing武器,,
Daikyu,大久和弓,大久和弓,武器,,
Dakra_Prime,达克拉Prime,達克拉Prime,武器,,
Dark_Dagger,暗黑匕首,暗黑匕首,武器,,
Dark_Split-Sword,暗黑分合剑,暗黑分合劍,武器,,
Dark_Sword,暗黑长剑,暗黑長劍,武器,,
Deconstructor,分离,分離,武器,,
Deconstructor_Prime,分离Prime,分離Prime,武器,,
Dera,德拉,德拉,武器,,
Dera_Vandal,德拉破坏者,德拉破壞者,武器,,
Despair,绝望,絕望,武器,,
Destreza,技巧之剑,技巧之劍,武器,,
Destreza_Prime,技巧之剑Prime,技巧之劍Prime,武器,,
Deth_Machine_Rifle,死亡机枪,死亡機槍,武器,,
Detonite_Injector,爆燃喷射器,爆燃噴射器,研究材料,,
Detron,德特昂,德特昂,武器,,
Detron_Mara,遇险,苦痛德特昂,武器,,
Dex_Dakra,Dex达克拉双剑,Dex達克拉雙劍,武器,,
Dex_Furis,Dex盗贼双枪,Dex盜賊雙槍,武器,,
Dex_Sybaris,Dex席芭莉丝,Dex席芭莉絲,武器,,
Dragon_Nikana,龙之侍刃,龍之侍刃,武器,,
Drakgoon,龙骑兵,龍騎兵,武器,,
Dread,恐惧,恐懼,武器,,
Dual_Broncos,野马双枪,野馬雙槍,武器,,
Dual_Cestra,锡斯特双枪,錫斯特雙槍,武器,,
Dual_Cleavers,斩肉双刀,斬肉雙刀,武器,,
Dual_Decurion,什长双枪,什長雙槍,Archwing武器,,
Dual_Ether,苍穹双剑,蒼穹雙劍,武器,,
Dual_Heat_Swords,烈焰双剑,烈焰雙劍,武器,,
Dual_Ichor,恶脓双斧,惡膿雙斧,武器,,
Dual_Kamas,双短柄战镰,雙短柄戰鐮,武器,,
Dual_Kamas_Prime,双短柄战镰Prime,雙短柄戰鐮Prime,武器,,
Dual_Keres,凯瑞斯双刀,凱瑞斯雙刀,武器,,
Dual_Raza,锋月双斧,鋒月雙斧,武器,,
Dual_Skana,空刃双刀,空刃雙刀,武器,,
Dual_Toxocyst,毒囊双枪,毒囊雙槍,武器,,
Dual_Zoren,佐伦双斧,佐倫雙斧,武器,,
Embolist,安柏勒斯,安柏勒斯,武器,,
Endura,三叶坚韧,三葉堅韌,武器,,
Ether_Daggers,苍穹匕首,蒼穹匕首,武器,,
Ether_Reaper,苍穹死神,蒼穹死神,武器,,
Ether_Sword,苍穹之剑,蒼穹之劍,武器,,
Euphona_Prime,悦音Prime,悅音Prime,武器,,
Exergis,结晶器,晶能放射器,武器,,
Falcor,猎鹰轮,獵鷹輪,武器,,
Fang,狼牙,狼牙,武器,,
Fang_Prime,狼牙Prime,狼牙Prime,武器,,
Ferrox,铁晶磁轨炮,鐵晶磁軌炮,武器,,
Fluctus,巨浪,巨浪,Archwing武器,,
Flux_Rifle,通量射线步枪,通量射線步槍,武器,,
Fragor,重击巨锤,重擊巨鎚,武器,,
Fragor_Prime,重击巨锤Prime,重擊巨鎚Prime,武器,,
Furax,弗拉克斯,弗拉克斯,武器,,
Furax_Wraith,弗拉克斯亡魂,弗拉克斯亡魂,武器,,
Fusilai,齐射玻刃,齊射玻刃,武器,,
Galatine,迦伦提恩,迦倫提恩,武器,,
Galatine_Prime,迦伦提恩Prime,迦倫提恩Prime,武器,,
Galvacord,电流刺索,電流刺索,武器,,
Gammacor,咖玛手臂壳,咖瑪腕甲槍,武器,,
Gazal_Machete,加扎勒反曲刀,加扎勒反曲刀,武器,,
Glaive,战刃,戰刃,武器,,
Glaive_Prime,战刃Prime,戰刃Prime,武器,,
Glaxion,冷冻光束步枪,冷凍光束步槍,武器,,
Gorgon,蛇发女妖,蛇髮女妖,武器,,
Gorgon_Wraith,蛇发女妖亡魂,蛇髮女妖亡魂,武器,,
Grakata,葛拉卡达,葛拉卡達,武器,,
Gram,格拉姆,格拉姆,武器,,
Gram_Prime,格拉姆Prime,格拉姆Prime,武器,,
Grattler,葛拉特勒,葛拉特勒,Archwing武器,,
Grinlok,葛恩火枪,葛恩火槍,武器,,
Guandao,关刀,關刀,武器,,
Gunsen,军扇,軍扇,武器,,
Halikar,哈利卡,哈利卡,武器,,
Harpak,哈帕克,哈帕克,武器,,
Heat_Dagger,烈焰短剑,烈焰匕首,武器,,
Heat_Sword,烈焰长剑,烈焰長劍,武器,,
Hek,海克,海克,武器,,
Heliocor,赫利俄光锤,赫利俄光錘,武器,,
Helios,赫利俄斯,赫利俄斯,武器,,
Helios_Prime,赫利俄斯Prime,赫利俄斯Prime,武器,,
Hema,血肢,血肢,武器,,
Hikou,飞扬,飛揚,武器,,
Hikou_Prime,飞扬Prime,飛揚Prime,武器,,
Hind,母鹿,雌鹿,武器,,
Hirudo,蚂蟥,螞蟥,武器,,
Hystrix,豪猪,豪豬,武器,,
Ignis,伊格尼斯,伊格尼斯,武器,,
Ignis_Wraith,伊格尼斯亡魂,伊格尼斯亡魂,武器,,
Imperator,凯旋将军,凱旋將軍,Archwing武器,,
Imperator_Vandal,凯旋将军破坏者,凱旋將軍破壞者,Archwing武器,,
Jat_Kittag,喷射战锤,噴射戰鎚,武器,,
Jat_Kusar,喷射锁镰,噴射鎖鐮,武器,,
Javlok,燃焰标枪,燃焰標槍,武器,,
Jaw_Sword,蛇颚刀,蛇顎刀,武器,,
Kama,短柄战镰,短柄戰鐮,武器,,
Karak,卡拉克,卡拉克,武器,,
Karak_Wraith,卡拉克亡魂,卡拉克亡魂,武器,,
Karyst,凯洛斯特,凱洛斯特,武器,,
Kaszas,死亡使徒,死亡使徒,Archwing武器,,
Kesheg,怯薛,怯薛,武器,,
Kestrel,红隼,紅隼,武器,,
Knell,丧钟,喪鐘,武器,,
Knux,克那克斯,克納克斯,Archwing武器,,
Kogake,科加基,科加基,武器,,
Kogake_Prime,科加基Prime,科加基Prime,武器,,
Kohm,寇恩热能枪,寇恩熱能槍,武器,,
Kohmak,寇恩霰机枪,寇恩霰機槍,武器,,
Korrudo,库鲁多,庫魯多,武器,,
Kraken,北海巨人,北海巨妖,武器,,
Kreska,直镐,克雷斯卡,武器,,
Kronen,皇家拐刃,皇家拐刃,武器,,
Kronen_Prime,皇家拐刃Prime,皇家拐刃Prime,武器,,
Kulstar,杀星,殺星,武器,,
Kunai,苦无,苦無,武器,,
Lacera,悲痛之刃,悲痛之刃,武器,,
Lanka,兰卡,蘭卡,武器,,
Larkspur,翠雀,翠雀,Archwing武器,,
Laser_Rifle,激光步枪,雷射步槍,武器,,
Lato,拉托,拉托,武器,,
Lato_Prime,拉托Prime,拉托Prime,武器,,
Lato_Vandal,拉托破坏者,拉托破壞者,武器,,
Latron,拉特昂,拉特昂,武器,,
Latron_Prime,拉特昂Prime,拉特昂Prime,武器,,
Latron_Wraith,拉特昂亡魂,拉特昂亡魂,武器,,
Lecta,勒克塔,勒克塔,武器,,
Lenz,楞次弓,冷次弓,武器,,
Lesion,病变,病變,武器,,
Lex,雷克斯,雷克斯,武器,,
Lex_Prime,雷克斯Prime,雷克斯Prime,武器,,
Machete,马谢特砍刀,馬謝特砍刀,武器,,
Machete_Wraith,马谢特砍刀亡魂,馬謝特砍刀亡魂,武器,,
Magistar,执法者,執法者,武器,,
Magnus,麦格努斯,麥格努斯,武器,,
Marelok,玛瑞火枪,瑪瑞火槍,武器,,
Mios,牝狮神,牡獅神,武器,,
Mire,米尔,米爾,武器,,
Miter,米特尔,米特爾,武器,,
MK1-Bo,MK1-玻之武杖,MK1-玻之武杖,武器,,
MK1-Braton,MK1-布莱顿,MK1-布萊頓,武器,,
MK1-Furax,MK1-弗拉克斯,MK1-弗拉克斯,武器,,
MK1-Furis,MK1-盗贼,MK1-盜賊,武器,,
MK1-Kunai,MK1-苦无,MK1-苦無,武器,,
MK1-Paris,MK1-帕里斯,MK1-帕里斯,武器,,
MK1-Strun,MK1-斯特朗,MK1-斯特朗,武器,,
Mutalist_Cernos,异融西诺斯,異融西諾斯,武器,,
Mutalist_Quanta,异融量子枪,異融量子槍,武器,,
Nagantaka,蛇,噬蛇弩,武器,,
Nami_Skyla,海波斯库拉对剑,海波斯庫拉對劍,武器,,
Nami_Skyla_Prime,海波斯库拉对剑Prime,海波斯庫拉對劍Prime,武器,,
Nami_Solo,海波单剑,海波單劍,武器,,
Nikana,侍刃,侍刃,武器,,
Nikana_Prime,侍刃Prime,侍刃Prime,武器,,
Ninkondi,降灵追猎者,降靈追獵者,武器,,
Ninkondi_Prime,降灵追猎者Prime,降靈追獵者,武器,,
Nukor,努寇微波枪,努寇微波槍,武器,,
Obex,奥比克斯,奧比克斯,武器,,
Ocucor,视使之触,視使之觸,武器,,
Ogris,食人女魔,食人女魔,武器,,
Ohma,欧玛,歐瑪,武器,,
Onorix,奥努里克斯,奧努里克斯,Archwing武器,,
Opticor,奥堤克光子枪,奧堤克光子槍,武器,,
Opticor_Vandal,奥堤克光子枪破坏者,奧堤克光子槍破壞者,武器,,
Orthos,欧特鲁斯,歐特魯斯,武器,,
Orthos_Prime,欧特鲁斯Prime,歐特魯斯Prime,武器,,
Pandero,手鼓,手鼓,武器,,
Pangolin_Sword,鲮鲤剑,鯪鯉劍,武器,,
Panthera,猎豹,獵豹,武器,,
Paracesis,心智之殁,心智之歿,武器,,
Paracyst,附肢寄生者,附肢寄生者,武器,,
Paris,帕里斯,帕里斯,武器,,
Paris_Prime,帕里斯Prime,帕里斯Prime,武器,,
Penta,潘塔,潘塔,武器,,
Phaedra,菲德菈,菲德菈,Archwing武器,,
Phage,噬菌者,噬菌者,武器,,
Phantasma,幻离子,幻離子,武器,,
Plasma_Sword,等离子长剑,電漿長劍,武器,,
Plinx,漫射者,漫射者,武器,,
Pox,脓痘,膿痘,武器,,
Prime_Laser_Rifle,激光步枪Prime,雷射步槍Prime,武器,,
Prisma_Burst_Laser,棱晶激光点发,棱晶雷射點發,武器,,
Prisma_Dual_Cleavers,棱晶斩肉双刀,棱晶斬肉雙刀,武器,,
Prisma_Gorgon,棱晶蛇发女妖,棱晶蛇髮女妖,武器,,
Prisma_Grakata,棱晶葛拉卡达,棱晶葛拉卡達,武器,,
Prisma_Obex,棱晶奥比克斯,棱晶奧比克斯,武器,,
Prisma_Shade,棱晶阴影,棱晶陰影,武器,,
Prisma_Skana,棱晶空刃,棱晶空刃,武器,,
Prisma_Tetra,棱晶特拉,棱晶特拉,武器,,
Prisma_Veritux,棱晶真理巨剑,棱晶真理巨劍,Archwing武器,,
Prova,普罗沃,普羅沃,武器,,
Prova_Vandal,普罗沃破坏者,普羅沃破壞者,武器,,
Pupacyst,毒囊骨茧,毒囊骨繭,武器,,
Pyrana,食人鱼,食人魚,武器,,
Pyrana_Prime,食人鱼Prime,食人魚Prime,武器,,
Quanta,量子切割器,量子切割器,武器,,
Quartakk,夸塔克,誇塔克,武器,,
Rakta_Ballistica,绯红布里斯提卡,緋紅布里斯提卡,武器,,
Rakta_Cernos,绯红西诺斯,緋紅西諾斯,武器,,
Rakta_Dark_Dagger,绯红暗黑匕首,緋紅暗黑匕首,武器,,
Rathbone,拉斯波恩,拉斯波恩,Archwing武器,,
Reaper_Prime,收割者Prime,收割者Prime,武器,,
Redeemer,救赎者,救贖者,武器,,
Redeemer_Prime,救赎者Prime,救贖者Prime,武器,,
Ripkas,锐卡斯,鋭卡斯,武器,,
Rubico,绝路,絕路,武器,,
Rubico_Prime,绝路Prime,絕路Prime,武器,,
Sancti_Castanas,圣洁雷爆信标,聖潔雷爆信標,武器,,
Sancti_Magistar,圣洁执法者,聖潔執法者,武器,,
Sancti_Tigris,圣洁猛虎,聖潔猛虎,武器,,
Sarpa,蛇刃,蛇刃,武器,,
Scindo,分裂斩斧,分裂斬斧,武器,,
Scindo_Prime,分裂斩斧Prime,分裂斬斧Prime,武器,,
Scoliac,嵴椎节鞭,脊椎節鞭,武器,,
Scourge,祸根,禍根,武器,,
Secura_Dual_Cestra,保障锡斯特双枪,保障錫斯特雙槍,武器,,
Secura_Lecta,保障勒克塔,保障勒克塔,武器,,
Secura_Penta,保障潘塔,保障潘塔,武器,,
Seer,预言者,預言者,武器,,
Serro,电能斩锯,電能斬鋸,武器,,
Shaku,双节尺棍,雙節尺棍,武器,,
Sheev,希芙,希芙,武器,,
Sibear,西伯利亚冰锤,西伯利亞冰鎚,武器,,
Sicarus,暗杀者,暗殺者,武器,,
Sicarus_Prime,暗杀者Prime,暗殺者Prime,武器,,
Sigma_&_Octantis,西格玛&南极座,西格瑪&南極座,武器,,
Silva&_Aegis_Prime,席瓦&神盾Prime,席瓦&神盾Prime,武器,,
Silva&Aegis,席瓦&神盾,席瓦&神盾,武器,,
Simulor,重力奇点拟成枪,重力奇點擬成槍,武器,,
Skana,空刃,空刃,武器,,
Skana_Prime,空刃Prime,空刃Prime,武器,,
Skiajati,影生,影生,武器,,
Snipetron,狙击特昂,狙擊特昂,武器,,
Snipetron_Vandal,狙击特昂破坏者,狙擊特昂破壞者,武器,,
Sobek,鳄神,鱷神,武器,,
Soma,月神,月神,武器,,
Soma_Prime,月神Prime,月神Prime,武器,,
Sonicor,超音波冲击枪,超音波衝擊槍,武器,,
Spectra,光谱切割器,光譜切割器,武器,,
Spira,旋刃飞刀,旋刃飛刀,武器,,
Spira_Prime,旋刃飞刀Prime,旋刃飛刀Prime,武器,,
Staticor,静电能量导引枪,靜電能量導引槍,武器,,
Stinger,毒刺,毒刺,武器,,
Stradavar_Prime,斯特拉迪瓦Prime,斯特拉迪瓦Prime,武器,,
Strun,斯特朗,斯特朗,武器,,
Strun_Wraith,斯特朗亡魂,斯特朗亡魂,武器,,
Stubba,史度巴,史度巴,武器,,
Stug,史特克,史特克,武器,,
Supra,苏普拉,蘇普拉,武器,,
Supra_Vandal,苏普拉破坏者,蘇普拉破壞者,武器,,
Sweeper,扫除者,掃除者,武器,,
Sweeper_Prime,扫除者Prime,掃除者Prime,武器,,
Sybaris,席芭莉丝,席芭莉絲,武器,,
Sybaris_Prime,席芭莉丝Prime,席芭莉絲Prime,武器,,
Sydon,恶龙,惡龍,武器,,
Synapse,突触生化枪,突觸生化槍,武器,,
Synoid_Gammacor,枢议咖玛腕甲枪,樞議咖瑪腕甲槍,武器,,
Synoid_Heliocor,枢议赫利俄光锤,樞議赫利俄光錘,武器,,
Synoid_Simulor,枢议重力奇点拟成枪,樞議重力奇點擬成槍,武器,,
Tatsu,龙辰,龍辰,武器,,
Taxon,塔克桑,塔克桑,武器,,
Tekko,铁钩手甲,鐵鉤手甲,武器,,
Telos_Akbolto,终极螺钉双枪,終極螺釘雙槍,武器,,
Tenora,双簧管,雙簧管,武器,,
Tetra,特拉,特拉,武器,,
Tiberon,狂鲨,狂鯊,武器,,
Tiberon_Prime,狂鲨Prime,狂鯊Prime,武器,,
Tigris,猛虎,猛虎,武器,,
Tigris_Prime,猛虎Prime,猛虎Prime,武器,,
Tipedo,提佩多,提佩多,武器,,
Tipedo_Prime,提佩多Prime,提佩多Prime,武器,,
Tonbo,蜻蜓薙,蜻蛉薙,武器,,
Tonkor,征服榴炮,征服榴砲,武器,,
Torid,托里德,托里德,武器,,
Twin_Basolk,双子巴萨克,雙子巴薩克,武器,,
Twin_Grakata,双子葛拉卡达,雙子葛拉卡達,武器,,
Twin_Gremlins,双子小精灵,雙子小精靈,武器,,
Twin_Kohmak,双子宼恩霰机枪,雙子寇恩霰機槍,武器,,
Twin_Rogga,双子罗格,雙子羅格,武器,,
Twin_Vipers,双子蝰蛇,雙子蝰蛇,武器,,
Twin_Wraith_Vipers,双子蝰蛇亡魂,雙子蝰蛇亡魂,武器,,
Tysis,啐沫者,啐沫者,武器,,
Vasto,瓦斯托,瓦斯托,武器,,
Vasto_Prime,瓦斯托Prime,瓦斯托Prime,武器,,
Vaykor_Hek,勇气海克,勇氣海克,武器,,
Vaykor_Marelok,勇气玛瑞火枪,勇氣瑪瑞火槍,武器,,
Vectis,守望者,守望者,武器,,
Vectis_Prime,守望者Prime,守望者Prime,武器,,
Veldt,草原猎手,草原獵手,武器,,
Velocitus,极速电磁步枪,極速電磁步槍,Archwing武器,,
Venka,凯旋之爪,凱旋之爪,武器,,
Venka_Prime,凯旋之爪Prime,凱旋之爪Prime,武器,,
Veritux,真理巨剑,真理巨劍,Archwing武器,,
Viper,蝰蛇,蝰蛇,武器,,
Volnus,创伤,創傷,武器,,
Vulkar,金工火神,金工火神,武器,,
Vulkar_Wraith,金工火神亡魂,金工火神亡魂,武器,,
Vulklok,金工火枪,金工火槍,武器,,
War,战争之剑,戰爭之劍,武器,,
Wolf_Sledge,恶狼战锤,惡狼戰鎚,武器,,
Zakti,毒芽,毒芽,武器,,
Zarr,沙皇,沙皇,武器,,
Zenistar,天顶之星,天頂之星,武器,,
Zenith,天穹之顶,天穹之頂,武器,,
Zhuge,诸葛连弩,諸葛連弩,武器,,
Zhuge_Prime,诸葛连弩Prime,諸葛連弩Prime,武器,,
Zylok,席尔火枪,賽爾火槍,武器,,
Ash,Ash,Ash,戰甲,,
Ash_Prime,Ash_Prime,Ash_Prime,戰甲,,
Atlas,Atlas,Atlas,戰甲,,
Atlas_Prime,Atlas_Prime,Atlas_Prime,戰甲,,
Banshee,Banshee,Banshee,戰甲,,
Banshee_Prime,Banshee_Prime,Banshee_Prime,戰甲,,
Baruuk,Baruuk,Baruuk,戰甲,,
Chroma,Chroma,Chroma,戰甲,,
Chroma_Prime,Chroma_Prime,Chroma_Prime,戰甲,,
Ember,Ember,Ember,戰甲,,
Ember_Prime,Ember_Prime,Ember_Prime,戰甲,,
Equinox,Equinox,Equinox,戰甲,,
Equinox_Prime,Equinox_Prime,Equinox_Prime,戰甲,,
Excalibur,Excalibur,Excalibur,戰甲,,
Excalibur_Prime,Excalibur_Prime,Excalibur_Prime,戰甲,,
Excalibur_Umbra,Excalibur_Umbra,Excalibur_Umbra,戰甲,,
Frost,Frost,Frost,戰甲,,
Frost_Prime,Frost_Prime,Frost_Prime,戰甲,,
Gara,Gara,Gara,戰甲,,
Garuda,Garuda,Garuda,戰甲,,
Gauss,Gauss,Gauss,戰甲,,
Grendel,Grendel,Grendel,戰甲,,
Harrow,Harrow,Harrow,戰甲,,
Hildryn,Hildryn,Hildryn,戰甲,,
Hydroid,Hydroid,Hydroid,戰甲,,
Hydroid_Prime,Hydroid_Prime,Hydroid_Prime,戰甲,,
Inaros,Inaros,Inaros,戰甲,,
Ivara,Ivara,Ivara,戰甲,,
Ivara_Prime,Ivara_Prime,Ivara_Prime,戰甲,,
Khora,Khora,Khora,戰甲,,
Limbo,Limbo,Limbo,戰甲,,
Limbo_Prime,Limbo_Prime,Limbo_Prime,戰甲,,
Loki,Loki,Loki,戰甲,,
Loki_Prime,Loki_Prime,Loki_Prime,戰甲,,
Mag,Mag,Mag,戰甲,,
Mag_Prime,Mag_Prime,Mag_Prime,戰甲,,
Mesa,Mesa,Mesa,戰甲,,
Mesa_Prime,Mesa_Prime,Mesa_Prime,戰甲,,
Mirage,Mirage,Mirage,戰甲,,
Mirage_Prime,Mirage_Prime,Mirage_Prime,戰甲,,
Nekros,Nekros,Nekros,戰甲,,
Nekros_Prime,Nekros_Prime,Nekros_Prime,戰甲,,
Nezha,Nezha,Nezha,戰甲,,
Nidus,Nidus,Nidus,戰甲,,
Nova,Nova,Nova,戰甲,,
Nova_Prime,Nova_Prime,Nova_Prime,戰甲,,
Nyx,Nyx,Nyx,戰甲,,
Nyx_Prime,Nyx_Prime,Nyx_Prime,戰甲,,
Oberon,Oberon,Oberon,戰甲,,
Oberon_Prime,Oberon_Prime,Oberon_Prime,戰甲,,
Octavia,Octavia,Octavia,戰甲,,
Revenant,Revenant,Revenant,戰甲,,
Rhino,Rhino,Rhino,戰甲,,
Rhino_Prime,Rhino_Prime,Rhino_Prime,戰甲,,
Saryn,Saryn,Saryn,戰甲,,
Saryn_Prime,Saryn_Prime,Saryn_Prime,戰甲,,
Titania,Titania,Titania,戰甲,,
Trinity,Trinity,Trinity,戰甲,,
Trinity_Prime,Trinity_Prime,Trinity_Prime,戰甲,,
Valkyr,Valkyr,Valkyr,戰甲,,
Valkyr_Prime,Valkyr_Prime,Valkyr_Prime,戰甲,,
Vauban,Vauban,Vauban,戰甲,,
Vauban_Prime,Vauban_Prime,Vauban_Prime,戰甲,,
Volt,Volt,Volt,戰甲,,
Volt_Prime,Volt_Prime,Volt_Prime,戰甲,,
Wisp,Wisp,Wisp,戰甲,,
Wukong,Wukong,Wukong,戰甲,,
Wukong_Prime,Wukong_Prime,Wukong_Prime,戰甲,,
Zephyr,Zephyr,Zephyr,戰甲,,
Zephyr_Prime,Zephyr_Prime,Zephyr_Prime,戰甲,,
Aero_Agility,空飞灵巧,空飛靈巧,MOD,組合MOD,
Aero_Periphery,空飞边际,空飛邊際,MOD,組合MOD,
Aero_Vantage,空飞俯瞰,空飛俯瞰,MOD,組合MOD,
Augur_Accord,预言协约,預言協約,MOD,組合MOD,
Augur_Message,预言启示,預言啟示,MOD,組合MOD,
Augur_Pact,预言契约,預言契約,MOD,組合MOD,
Augur_Reach,预言通灵,預言通靈,MOD,組合MOD,
Augur_Secrets,预言神密,預言神密,MOD,組合MOD,
Augur_Seeker,预言探求,預言探求,MOD,組合MOD,
Gladiator_Aegis,角斗士圣盾,角鬥士聖盾,MOD,組合MOD,
Gladiator_Finesse,角斗士灵巧,角鬥士靈巧,MOD,組合MOD,
Gladiator_Might,角斗士威猛,角鬥士威猛,MOD,組合MOD,
Gladiator_Resolve,角斗士决心,角鬥士決心,MOD,組合MOD,
Gladiator_Rush,角斗士猛突,角鬥士猛突,MOD,組合MOD,
Gladiator_Vice,角斗士钳制,角鬥士箝制,MOD,組合MOD,
Hunter_Adrenaline,猎人肾上腺素,獵者腎上腺素,MOD,組合MOD,
Hunter_Command,猎人命令,獵者命令,MOD,組合MOD,
Hunter_Munitions,猎人战备,獵者戰備,MOD,組合MOD,
Hunter_Recovery,猎人复元,獵者復元,MOD,組合MOD,
Hunter_Synergy,猎人协力,獵者協力,MOD,組合MOD,
Hunter_Track,猎人追踪,獵者追蹤,MOD,組合MOD,
Mecha_Empowered,机甲强化,機甲強化,MOD,組合MOD,
Mecha_Overdrive,机甲超载,機甲超載,MOD,組合MOD,
Mecha_Pulse,机甲脉冲,機甲脈衝,MOD,組合MOD,
Mecha_Recharge,机甲充能,機甲充能,MOD,組合MOD,
Motus_Impact,跃动冲击,躍動衝擊,MOD,組合MOD,
Motus_Setup,跃动设局,躍動設局,MOD,組合MOD,
Motus_Signal,跃动信号,躍動信號,MOD,組合MOD,
Proton_Jet,质子喷射,質子噴射,MOD,組合MOD,
Proton_Pulse,质子脉动,質子脈衝,MOD,組合MOD,
Proton_Snap,质子猛扑,質子吸附,MOD,組合MOD,
Strain_Consume,菌株吸收,菌株吸收,MOD,組合MOD,
Strain_Eruption,菌株爆裂,菌株爆裂,MOD,組合MOD,
Strain_Fever,菌株热毒,菌株病毒,MOD,組合MOD,
Strain_Infection,菌株感染,菌株感染,MOD,組合MOD,
Synth_Charge,合成充能,合成充能,MOD,組合MOD,
Synth_Deconstruct,合成解构,合成解構,MOD,組合MOD,
Synth_Fiber,合成纤维,合成纖維,MOD,組合MOD,
Synth_Reflex,合成反射,合成反射,MOD,組合MOD,
Tek_Assault,技法猛袭,技法猛襲,MOD,組合MOD,
Tek_Collateral,技法连带,技法連帶,MOD,組合MOD,
Tek_Enhance,技法强化,技法強化,MOD,組合MOD,
Tek_Gravity,技法引力,技法引力,MOD,組合MOD,
Vigilante_Armaments,私法军备,私法軍備,MOD,組合MOD,
Vigilante_Fervor,私法热诚,私法熱誠,MOD,組合MOD,
Vigilante_Offense,私法侵犯,私法侵犯,MOD,組合MOD,
Vigilante_Pursuit,私法追踪,私法追求,MOD,組合MOD,
Vigilante_Supplies,私法补给,私法補給,MOD,組合MOD,
Vigilante_Vigor,私法活力,私法活力,MOD,組合MOD,
Ammo_Stock,霰弹扩充,霰彈擴充,MOD,主武器MOD,霰彈槍MOD
Argon_Scope,氩晶瞄具,氬晶瞄具,MOD,主武器MOD,步槍MOD
Bane_of_Corpus,灭亡Corpus,滅亡Corpus,MOD,主武器MOD,步槍MOD
Bane_of_Grineer,灭亡Grineer,滅亡Grineer,MOD,主武器MOD,步槍MOD
Bane_of_Infested,灭亡Infested,滅亡Infested,MOD,主武器MOD,步槍MOD
Charged_Chamber,蓄力装填,蓄力裝填,MOD,主武器MOD,狙擊槍MOD
Chilling_Reload,激冷装填,激冷裝填,MOD,主武器MOD,噩夢MOD
Cleanse_Corpus,净化Corpus,淨化Corpus,MOD,主武器MOD,霰彈槍MOD
Cleanse_Grineer,净化Grineer,淨化Grineer,MOD,主武器MOD,霰彈槍MOD
Cleanse_Infested,净化Infested,淨化Infested,MOD,主武器MOD,霰彈槍MOD
Fanged_Fusillade,尖牙连射,尖牙連射,MOD,主武器MOD,步槍MOD
Fast_Hands,爆发装填,爆發裝填,MOD,主武器MOD,步槍MOD
Flux_Overdrive,通量射线步枪超载,通量射線步槍超載,MOD,主武器MOD,武器專屬MOD
Guided_Ordinance,制导弹药,槍火引導,MOD,主武器MOD,步槍MOD
Hawk_Eye,隼目,隼目,MOD,主武器MOD,步槍MOD
Infected_Clip,污染弹匣,污染彈匣,MOD,主武器MOD,步槍MOD
Kinetic_Ricochet,动力回弹,動力回彈,MOD,主武器MOD,武器專屬MOD
Laser_Sight,雷射瞄具,雷射瞄具,MOD,主武器MOD,霰彈槍MOD
Magazine_Warp,弹匣增幅,彈匣增幅,MOD,主武器MOD,步槍MOD
Nano-Applicator,纳米涂覆,奈米塗覆,MOD,主武器MOD,霰彈槍MOD
Piercing_Hit,穿甲伤害,穿甲傷害,MOD,主武器MOD,步槍MOD
Repeater_Clip,转轮弹匣,轉輪彈匣,MOD,主武器MOD,霰彈槍MOD
Seeking_Force,穿透力,穿透力,MOD,主武器MOD,霰彈槍MOD
Shotgun_Savvy,通晓霰弹枪,通宵霰彈槍,MOD,主武器MOD,霰彈槍MOD
Shotgun_Spazz,霰弹速射,霰彈速射,MOD,主武器MOD,霰彈槍MOD
Spring-Loaded_Chamber,簧压膛室,簧壓膛室,MOD,主武器MOD,步槍MOD
Target_Acquired,锁定目标,鎖定目標,MOD,主武器MOD,狙擊槍MOD
Tether_Grenades,系绳榴弹,繫繩榴彈,MOD,主武器MOD,武器專屬MOD
Abating_Link,耗弱链接,耗弱連結,MOD,戰甲MOD,集團MOD
Accumulating_Whipclaw,蓄积长鞭,蓄積長鞭,MOD,戰甲MOD,集團MOD
Adaptation,适应,適應,MOD,戰甲MOD,
Assimilate,同化,同化,MOD,戰甲MOD,集團MOD
Beguiling_Lantern,欺幻魔灯,欺幻魔燈,MOD,戰甲MOD,集團MOD
Blinding_Reave,致盲掠夺,致盲掠奪,MOD,戰甲MOD,集團MOD
Calm_&_Frenzy,冷静与疯狂,冷靜與瘋狂,MOD,戰甲MOD,集團MOD
Celestial_Stomp,天圣践踏,天聖踐踏,MOD,戰甲MOD,集團MOD
Chilling_Globe,冰封护罩,冰封護罩,MOD,戰甲MOD,集團MOD
Chromatic_Blade,华彩刀剑,華彩刀劍,MOD,戰甲MOD,集團MOD
Concentrated_Arrow,集中箭矢,集中箭矢,MOD,戰甲MOD,集團MOD
Conductor,指挥家,指揮家,MOD,戰甲MOD,集團MOD
Counter_Pulse,反转脉冲,反轉脈衝,MOD,戰甲MOD,集團MOD
Creeping_Terrify,缓动惊骇,緩動驚駭,MOD,戰甲MOD,集團MOD
Duality,二元性状,二元性狀,MOD,戰甲MOD,集團MOD
Empowered_Quiver,强化箭袋,強化箭袋,MOD,戰甲MOD,集團MOD
Enveloping_Cloud,包覆游云,包覆游雲,MOD,戰甲MOD,集團MOD
Eternal_War,永恒战意,永恆戰意,MOD,戰甲MOD,集團MOD
Explosive_Legerdemain,爆炸戏法,爆炸戲法,MOD,戰甲MOD,集團MOD
Fatal_Teleport,致命传送,致命傳送,MOD,戰甲MOD,集團MOD
Fleeting_Expertise,弹指瞬技,彈指瞬技,MOD,戰甲MOD,堕落MOD
Funnel_Clouds,漏斗状云,漏斗狀雲,MOD,戰甲MOD,集團MOD
Greedy_Pull,贪婪吸引,貪婪吸引,MOD,戰甲MOD,集團MOD
Hall_of_Malevolence,恶怨厅,惡怨殿堂,MOD,戰甲MOD,集團MOD
Hysterical_Assault,狂化突击,狂化突擊,MOD,戰甲MOD,集團MOD
Ice_Wave_Impedance,滞痕冰浪,滯痕冰浪,MOD,戰甲MOD,集團MOD
Icy_Avalanche,冰冷雪崩,冰冷雪崩,MOD,戰甲MOD,集團MOD
Infiltrate,渗透,滲透,MOD,戰甲MOD,集團MOD
Insatiable,不竭贪婪,不竭貪婪,MOD,戰甲MOD,集團MOD
Larva_Burst,幼体爆发,幼體爆發,MOD,戰甲MOD,集團MOD
Lasting_Covenant,持久誓约,持久聖約,MOD,戰甲MOD,集團MOD
Magnetized_Discharge,磁吸释放,磁吸釋放,MOD,戰甲MOD,集團MOD
Mending_Splinters,治愈玻片,治癒玻片,MOD,戰甲MOD,集團MOD
Mesa's_Waltz,Mesa的华尔兹,Mesa的華爾茲,MOD,戰甲MOD,集團MOD
Mind_Freak,精神狂怒,精神狂怒,MOD,戰甲MOD,集團MOD
Narrow_Minded,心志偏狭,心志偏狹,MOD,戰甲MOD,堕落MOD
Negation_Swarm,抵消虫群,抵消蟲群,MOD,戰甲MOD,集團MOD
Ore_Gaze,矿石凝视,礦石凝視,MOD,戰甲MOD,集團MOD
Partitioned_Mallet,分裂槌音,分裂鎚音,MOD,戰甲MOD,集團MOD
Path_of_Statues,化像之道,化像之道,MOD,戰甲MOD,集團MOD
Peaceful_Provocation,和平挑衅,和平挑釁,MOD,戰甲MOD,集團MOD
Peculiar_Bloom,花开怪奇,花開怪奇,MOD,戰甲MOD,怪奇MOD
Peculiar_Growth,生长怪奇,生長怪奇,MOD,戰甲MOD,怪奇MOD
Phoenix_Renewal,凤凰新生,鳳凰新生,MOD,戰甲MOD,集團MOD
Piercing_Navigator,穿刺抛体,穿刺拋體,MOD,戰甲MOD,集團MOD
Piercing_Roar,刺骨战吼,刺骨戰吼,MOD,戰甲MOD,集團MOD
Pilfering_Strangledome,贪夺穹顶,貪奪穹頂,MOD,戰甲MOD,集團MOD
Pilfering_Swarm,贪夺触角,貪奪觸角,MOD,戰甲MOD,集團MOD
Power_Donation,献出力量,獻出力量,MOD,戰甲MOD,光環MOD
Primal_Rage,原始暴怒,原始暴怒,MOD,戰甲MOD,集團MOD
Prolonged_Paralysis,长时瘫痪,長時癱瘓,MOD,戰甲MOD,集團MOD
Pyroclastic_Flow,火成碎流,火成碎流,MOD,戰甲MOD,集團MOD
Radiant_Finish,终结闪光,終結閃光,MOD,戰甲MOD,集團MOD
Razorwing_Blitz,刀翼闪击,剃刀之翼的閃擊,MOD,戰甲MOD,集團MOD
Redirection,蓄能重划,蓄能重劃,MOD,戰甲MOD,通常MOD
Reinforcing_Stomp,践踏加固,踐踏加固,MOD,戰甲MOD,集團MOD
Repelling_Bastille,驱逐力场,驅逐力場,MOD,戰甲MOD,集團MOD
Resonating_Quake,震地共鸣,震地共鳴,MOD,戰甲MOD,集團MOD
Rising_Storm,风起云涌,風起雲湧,MOD,戰甲MOD,集團MOD
Rolling_Guard,翻滚防护,翻滾防護,MOD,戰甲MOD,
Safeguard,火绫守护,火綾守護,MOD,戰甲MOD,集團MOD
Savage_Silence,残酷无息,殘酷無息,MOD,戰甲MOD,集團MOD
Seeking_Shuriken,削甲手里剑,削甲手裡劍,MOD,戰甲MOD,集團MOD
Shield_of_Shadows,幽影之护,幽影之護,MOD,戰甲MOD,集團MOD
Shock_Trooper,电击奇兵,電擊震盪,MOD,戰甲MOD,集團MOD
Shocking_Speed,电击加速,電擊加速,MOD,戰甲MOD,集團MOD
Smite_Infusion,惩击洗礼,懲擊洗禮,MOD,戰甲MOD,集團MOD
Sonic_Fracture,破碎声波,破碎聲波,MOD,戰甲MOD,集團MOD
Spectrosiphon,光谱虹吸,光譜虹吸,MOD,戰甲MOD,集團MOD
Swing_Line,摆荡钩索,擺盪鉤索,MOD,戰甲MOD,集團MOD
Target_Fixation,目标入定,目標入定,MOD,戰甲MOD,集團MOD
Tectonic_Fracture,构造裂缝,構造裂縫,MOD,戰甲MOD,集團MOD
Teeming_Virulence,猛爆致病,猛爆致病,MOD,戰甲MOD,集團MOD
Titanic_Rumbler,巨大石者,巨大石者,MOD,戰甲MOD,集團MOD
Transistor_Shield,晶管屏障,電控護盾,MOD,戰甲MOD,集團MOD
Vampire_Leech,汲能榨取,汲能榨取,MOD,戰甲MOD,集團MOD
Venari_Bodyguard,薇娜丽的护卫,薇娜麗的護衛,MOD,戰甲MOD,集團MOD
Vigorous_Swap,强力切换,強力切換,MOD,戰甲MOD,
Warding_Thurible,庇护焚炉,庇護焚爐,MOD,戰甲MOD,集團MOD
Agility_Drift,矫捷窜升,矯捷躥升,MOD,延展MOD,月球MOD
Coaction_Drift,协力窜升,協力蹿升,MOD,延展MOD,月球MOD
Cunning_Drift,狡诈窜升,狡詐躥升,MOD,延展MOD,月球MOD
Endurance_Drift,坚忍窜升,堅忍躥升,MOD,延展MOD,月球MOD
Power_Drift,力量窜升,力量躥升,MOD,延展MOD,月球MOD
Speed_Drift,速度窜升,速度躥升,MOD,延展MOD,月球MOD
Stealth_Drift,匿踪窜升,匿蹤躥升,MOD,延展MOD,月球MOD
Ammo_Case,弹药储转箱,彈藥儲轉箱,MOD,寵物MOD,專屬MOD
Arc_Coil,电弧线圈,電弧線圈,MOD,寵物MOD,專屬MOD
Coolant_Leak,冷却液外泄,冷卻液外泄,MOD,寵物MOD,守護通用MOD
Crowd_Dispersion,人群驱散,人群驅散,MOD,寵物MOD,專屬MOD
Electro_Pulse,电光脉冲,電光脈衝,MOD,寵物MOD,專屬MOD
Enhanced_Vitality,构造强化,構造強化,MOD,寵物MOD,守護通用MOD
Ghost,幽灵,幽靈,MOD,寵物MOD,專屬MOD
Hastened_Deflection,急速偏斜,急速偏斜,MOD,寵物MOD,寵物通用MOD
Howl,嚎声,嚎聲,MOD,寵物MOD,寵物通用MOD
Metal_Fiber,金属纤维,金屬纖維,MOD,寵物MOD,守護通用MOD
Molecular_Conversion,分子转化,分子轉化,MOD,寵物MOD,專屬MOD
Redirection,精算蓄能,精算蓄能,MOD,寵物MOD,守護通用MOD
Sanctuary,守護光罩,守護光罩,MOD,寵物MOD,守護通用MOD
Shield_Charger,护盾充能,護盾充能,MOD,寵物MOD,守護通用MOD
Spare_Parts,残余,殘餘,MOD,寵物MOD,守護通用MOD
Vacuum,吸取,吸取,MOD,寵物MOD,守護通用MOD
Afterburner,加力燃烧,加力燃燒,MOD,空戰MOD,反曲翼MOD
Astral_Autopsy,星界剖解,星體解析,MOD,空戰MOD,近戰MOD
Astral_Slash,星体切砍,星體切砍,MOD,空戰MOD,近戰MOD
Cold_Snap,寒流来袭,寒流來襲,MOD,空戰MOD,反曲翼MOD
Comet_Blast,彗星爆发,彗星爆發,MOD,空戰MOD,主武器MOD
Cutting_Edge,切割刃缘,切割刃緣,MOD,空戰MOD,近戰MOD
Hollowed_Bullets,中空子弹,中空子彈,MOD,空戰MOD,主武器MOD
Magazine_Extension,扩充弹匣,擴充彈匣,MOD,空戰MOD,主武器MOD
Morphic_Transformer,非晶变压器,非晶變壓器,MOD,空戰MOD,反曲翼MOD
Nebula_Bore,星云钻孔,星雲鑽孔,MOD,空戰MOD,近戰MOD
Quasar_Drill,类星钻体,類星鑽體,MOD,空戰MOD,主武器MOD
Rubedo-Lined_Barrel,红晶枪管,紅晶槍管,MOD,空戰MOD,主武器MOD
System_Reroute,系统重划,系統重劃,MOD,空戰MOD,反曲翼MOD
Tempered_Blade,强化刀片,強化刀片,MOD,空戰MOD,近戰MOD
Zodiac_Shred,黄道碎裂,黃道碎裂,MOD,空戰MOD,主武器MOD
Atlantis_Vulcan,深渊之火,深遠之火,MOD,近戰MOD,架勢MOD
Auger_Strike,螺钻打击,螺鑽打擊,MOD,近戰MOD,通常MOD
Blind_Justice,无明制裁,無明制裁,MOD,近戰MOD,架勢MOD
Blood_Rush,急进猛突,急進猛突,MOD,近戰MOD,通常MOD
Body_Count,杀伤计数,殺傷計數,MOD,近戰MOD,通常MOD
Bullet_Dance,刀锋弹舞,刀鋒彈舞,MOD,近戰MOD,架勢MOD
Collision_Force,冲击巨力,衝擊巨力,MOD,近戰MOD,通常MOD
Condition_Overload,异况超量,異況超量,MOD,近戰MOD,通常MOD
Crushing_Ruin,月落乌啼,月落鳥啼,MOD,近戰MOD,架勢MOD
Defiled_Snapdragon,积秽骁龙,積穢驍龍,MOD,近戰MOD,架勢MOD
Drifting_Contact,漂移接触,漂移接觸,MOD,近戰MOD,噩夢MOD
Eleventh_Storm,终焉风暴,終焉風暴,MOD,近戰MOD,架勢MOD
Enduring_Affliction,长时苦难,長時苦難,MOD,近戰MOD,通常MOD
Enduring_Strike,不朽打击,不朽打擊,MOD,近戰MOD,通常MOD
Fever_Strike,热病打击,熱病打擊,MOD,近戰MOD,通常MOD
Focused_Defense,重点防御,重點防禦,MOD,近戰MOD,通常MOD
Gaia's_Tragedy,母神悲歌,母神悲歌,MOD,近戰MOD,架勢MOD
Gnashing_Payara,狼鱼咬咬,狼魚咬咬,MOD,近戰MOD,架勢MOD
Guardian_Derision,奚落守護,奚落守護,MOD,近戰MOD,通常MOD
Healing_Return,治愈归复,治癒歸復,MOD,近戰MOD,通常MOD
High_Noon,正午,日正當中,MOD,近戰MOD,架勢MOD
Homing_Fang,连牙追袭,連牙追襲,MOD,近戰MOD,架勢MOD
Hunter's_Bonesaw,猎人骨锯,獵人骨鋸,MOD,近戰MOD,專屬MOD
Lasting_Sting,未完之刺,未完之刺,MOD,近戰MOD,通常MOD
Maiming_Strike,致残突击,致殘突擊,MOD,近戰MOD,追猎者MOD
Melee_Prowess,非凡技巧,非凡技巧,MOD,近戰MOD,通常MOD
Relentless_Combination,残酷組合,殘酷組合,MOD,近戰MOD,通常MOD
Smite_Corpus,毁灭Corpus,毀滅Corpus,MOD,近戰MOD,通常MOD
Smite_Grineer,毁灭Grineer,毀滅Grineer,MOD,近戰MOD,通常MOD
Smite_Infested,毁灭Infested,毀滅Infested,MOD,近戰MOD,通常MOD
Sovereign_Outcast,至尊浪人,至尊浪人,MOD,近戰MOD,架勢MOD
Spinning_Needle,旋压刺针,旋壓刺針,MOD,近戰MOD,架勢MOD
Vengeful_Revenant,复仇亡灵,復仇亡靈,MOD,近戰MOD,架勢MOD
Vermillion_Storm,朱红暴风,朱紅暴風,MOD,近戰MOD,架勢MOD
Vulcan_Blitz,火神闪击,火神閃擊,MOD,近戰MOD,專屬MOD
Weeping_Wounds,创口溃烂,創口潰爛,MOD,近戰MOD,通常MOD
Brief_Respite,快速休整,快速修整,MOD,光環MOD,
Empowered_Blades,强化刀锋,強化刀鋒,MOD,光環MOD,
Growing_Power,成长之力,成長之力,MOD,光環MOD,
Pistol_Scavenger,手枪弹药搜集者,手槍彈藥蒐集者,MOD,光環MOD,
Rifle_Scavenger,步枪弹药搜集者,步槍彈藥蒐集者,MOD,光環MOD,
Shotgun_Scavenger,霰弹枪弹药搜集者,霰彈槍彈藥蒐集者,MOD,光環MOD,
Sniper_Scavenger,狙击枪弹药搜集者,狙擊槍彈藥蒐集者,MOD,光環MOD,
Sprint_Boost,冲刺提升,衝刺提升,MOD,光環MOD,
Anemic_Agility,乏能迅敏,乏能迅敏,MOD,副武器MOD,堕落MOD
Concussion_Rounds,震荡弹头,震盪彈頭,MOD,副武器MOD,通常MOD
Expel_Corpus,驱逐Corpus,驅逐Corpus,MOD,副武器MOD,通常MOD
Expel_Grineer,驱逐Grineer,驅逐Grineer,MOD,副武器MOD,通常MOD
Expel_Infested,驱逐Infested,驅逐Infested,MOD,副武器MOD,通常MOD
Ice_Storm,冰风暴,冰風暴,MOD,副武器MOD,噩夢MOD
Lethal_Momentum,致命动量,致命動量,MOD,副武器MOD,通常MOD
Pathogen_Rounds,病原弹头,病原彈頭,MOD,副武器MOD,通常MOD
Pressurized_Magazine,增压弹匣,增壓彈匣,MOD,副武器MOD,通常MOD
Quickdraw,持续火力,持續火力,MOD,副武器MOD,通常MOD
Ruinous_Extension,毁灭扩展,毀滅擴展,MOD,副武器MOD,通常MOD
Scorch,灼痕焦点,灼痕焦點,MOD,副武器MOD,通常MOD
Seeker,弹头导引,彈頭導引,MOD,副武器MOD,通常MOD
Slip_Magazine,串联弹匣,串連彈匣,MOD,副武器MOD,通常MOD
Steady_Hands,稳定枪手,穩定槍手,MOD,副武器MOD,通常MOD
Stunning_Speed,慑人神速,懾人神速,MOD,副武器MOD,噩夢MOD
Sure_Shot,准确射手,準確射手,MOD,副武器MOD,通常MOD
Targeting_Subsystem,定位辅助,定位輔助,MOD,副武器MOD,通常MOD
Trick_Mag,戏法增幅,戲法增幅,MOD,副武器MOD,通常MOD
Amalgam_Barrel_Diffusion,并合弹头扩散,並合彈頭擴散,MOD,步槍MOD,並合MOD
Amalgam_Organ_Shatter,并合肢解,並合肢解,MOD,步槍MOD,並合MOD
Amalgam_Serration,并合膛线,並合膛線,MOD,步槍MOD,並合MOD
Amalgam_Shotgun_Spazz,并合霰弹速射,並合霰彈速射,MOD,步槍MOD,並合MOD
Bursting_Mass,爆发质量,爆發質量,MOD,步槍MOD,武器專屬MOD
Napalm_Grenades,凝固汽油榴弹,凝固汽油榴彈,MOD,步槍MOD,武器專屬MOD
Wild_Frenzy,猛烈发狂,猛烈發狂,MOD,步槍MOD,武器專屬MOD
Primed_Ammo_Stock,霰弹扩充Prime,霰彈擴充Prime,MOD,Prime_MOD,霰彈槍MOD
Primed_Bane_of_Corpus,灭亡Corpus_Prime,滅亡Corpus_Prime,MOD,Prime_MOD,主武器MOD
Primed_Bane_of_Corrupted,灭亡堕落者Prime,滅亡墮落者_Prime,MOD,Prime_MOD,主武器MOD
Primed_Bane_of_Grineer,灭亡Grineer_Prime,滅亡Grineer_Prime,MOD,Prime_MOD,主武器MOD
Primed_Bane_of_Infested,灭亡Infested_Prime,滅亡Infested_Prime,MOD,Prime_MOD,主武器MOD
Primed_Chamber,膛室Prime,膛室Prime,MOD,独特MOD,狙擊槍MOD
Primed_Charged_Shell,充电弹头Prime,充電彈頭Prime,MOD,Prime_MOD,霰彈槍MOD
Primed_Continuity,持久力Prime,持久力Prime,MOD,Prime_MOD,戰甲MOD
Primed_Cryo_Rounds,低温弹头Prime,低溫彈頭Prime,MOD,Prime_MOD,主武器MOD
Primed_Fast_Hands,爆发装填Prime,爆發裝填Prime,MOD,Prime_MOD,主武器MOD
Primed_Fever_Strike,热病打击Prime,熱病打擊Prime,MOD,Prime_MOD,近戰MOD
Primed_Flow,川流不息Prime,川流不息Prime,MOD,Prime_MOD,戰甲MOD
Primed_Fury,狂暴Prime,狂暴Prime,MOD,Prime_MOD,近戰MOD
Primed_Heated_Charge,火焰装填Prime,火焰裝填Prime,MOD,Prime_MOD,副武器MOD
Primed_Heavy_Trauma,重创Prime,重創Prime,MOD,Prime_MOD,近戰MOD
Primed_Morphic_Transformer,非晶变压器Prime,非晶變壓器Prime,MOD,Prime_MOD,反曲翼MOD
Primed_Pistol_Ammo_Mutation,手枪弹药转换Prime,手槍彈藥轉換Prime,MOD,Prime_MOD,副武器MOD
Primed_Pistol_Gambit,手枪精通Prime,手槍精通Prime,MOD,Prime_MOD,副武器MOD
Primed_Point_Blank,抵近射击Prime,抵近射擊Prime,MOD,Prime_MOD,霰彈槍MOD
Primed_Pressure_Point,压迫点Prime,壓迫點Prime,MOD,Prime_MOD,近戰MOD
Primed_Quickdraw,持续火力Prime,持續火力Prime,MOD,Prime_MOD,副武器MOD
Primed_Ravage,破灭Prime,破滅Prime,MOD,Prime_MOD,霰彈槍MOD
Primed_Reach,剑风Prime,劍風Prime,MOD,Prime_MOD,近戰MOD
Primed_Rifle_Ammo_Mutation,步枪弹药转换Prime,步槍彈藥轉換Prime,MOD,Prime_MOD,主武器MOD
Primed_Shotgun_Ammo_Mutation,霰弹枪弹药转换Prime,霰彈槍彈藥轉換Prime,MOD,Prime_MOD,霰彈槍MOD
Primed_Shred,撕裂Prime,撕裂Prime,MOD,Prime_MOD,主武器MOD
Primed_Slip_Magazine,串联弹匣Prime,串連彈匣Prime,MOD,Prime_MOD,副武器MOD
Primed_Sure_Footed,顶天立地Prime,頂天立地Prime,MOD,Prime_MOD,戰甲MOD
Primed_Target_Cracker,弱点专精Prime,弱點專精Prime,MOD,Prime_MOD,副武器MOD
Primed_Vigor,活力Prime,活力Prime,MOD,Prime_MOD,戰甲MOD
Bashrack,狂虐,狂虐,平原,奧布山谷,填彈器
Bellows,风箱,風箱,平原,奧布山谷,填彈器
Catchmoon,捕月,捕月,平原,奧布山谷,槍膛
Deepbreath,深息,深息,平原,奧布山谷,填彈器
Flutterfire,激火,激火,平原,奧布山谷,填彈器
Gaze,凝目,凝目,平原,奧布山谷,槍膛
Gibber,碎语,碎語,平原,奧布山谷,握把
Haymaker,重拳,重拳,平原,奧布山谷,握把
Killstream,连杀,斃流,平原,奧布山谷,填彈器
Lovetap,爱击,愛擊,平原,奧布山谷,握把
Ramble,漫游,遨遊,平原,奧布山谷,握把
Ramflare,猛光,激爆,平原,奧布山谷,填彈器
Rattleguts,响胆,響膽,平原,奧布山谷,槍膛
Slap,掌击,掌撼,平原,奧布山谷,填彈器
Slapneedle,拍针,拍針,平原,奧布山谷,填彈器
Spark,火花,花火,平原,奧布山谷,填彈器
Splat,溅击,砸擊,平原,奧布山谷,填彈器
Stitch,穿纫,穿紉,平原,奧布山谷,填彈器
Swiftfire,颤火,迅火,平原,奧布山谷,填彈器
Thunderdrum,雷鼓,雷鼓,平原,奧布山谷,填彈器
Tombfinger,墓指,墓指,平原,奧布山谷,槍膛
Zip,速力,勁魄,平原,奧布山谷,填彈器
Zipfire,速火,迅火,平原,奧布山谷,填彈器
Zipneedle,速针,勁針,平原,奧布山谷,填彈器
Balla,宝拉,寶拉,平原,夜靈平原,
Cyath,西亚什,西亞甚,平原,夜靈平原,
Dehtat,德塔特,德塔特,平原,夜靈平原,
Dokrahm,多克拉姆,多克拉姆,平原,夜靈平原,
Ekwana_II_Jai,伊克瓦纳_II_翟,伊克瓦納_II_翟,平原,夜靈平原,
Ekwana_II_Ruhang,伊克瓦纳_II_如杭,伊克瓦納_II_如杭,平原,夜靈平原,
Ekwana_Jai,伊克瓦纳_翟,伊克瓦納_翟,平原,夜靈平原,
Ekwana_Jai_II,伊克瓦纳_翟_II,伊克瓦納_翟_II,平原,夜靈平原,
Ekwana_Ruhang_II,伊克瓦纳_如杭_II,伊克瓦納_如杭_II,平原,夜靈平原,
Ekwana_Ruhang,伊克瓦纳_如杭,伊克瓦納_如杭,平原,夜靈平原,
Jai,翟,翟,平原,夜靈平原,
Jai_II,翟_II,翟_II,平原,夜靈平原,
Jayap,查亚普,查亞普,平原,夜靈平原,
Korb,科布,科布,平原,夜靈平原,
Kronsh,客隆什,客隆什,平原,夜靈平原,
Kroostra,克鲁斯查,克魯斯查,平原,夜靈平原,
Kwath,库阿斯,庫阿斯,平原,夜靈平原,
Laka,拉卡,拉卡,平原,夜靈平原,
Mewan,密丸,密丸,平原,夜靈平原,
Ooltha,乌尔萨,烏爾薩,平原,夜靈平原,
Peye,佩耶,佩耶,平原,夜靈平原,
Plague_Akwin,瘟疫艾克文,瘟疫艾克文,平原,夜靈平原,
Plague_Bokwin,瘟疫柏克文,瘟疫柏克文,平原,夜靈平原,
Plague_Keewar,瘟疫奇沃,瘟疫奇沃,平原,夜靈平原,
Plague_Kripath,瘟疫克里帕丝,瘟疫克里帕斯,平原,夜靈平原,
Rabvee,拉比威,拉比威,平原,夜靈平原,
Ruhang,如杭,如杭,平原,夜靈平原,
Ruhang_II,如杭_II,如杭_II,平原,夜靈平原,
Seekalla,斯卡拉,斯卡拉,平原,夜靈平原,
Sepfahn,瑟普梵,瑟普梵,平原,夜靈平原,
Shtung,石当,石當,平原,夜靈平原,
Vargeet_II_Jai,瓦吉特_II_翟,瓦吉特_II_翟,平原,夜靈平原,
Vargeet_II_Ruhang,瓦吉特_II_如杭,瓦吉特_II_如杭,平原,夜靈平原,
Vargeet_Jai,瓦吉特_翟,瓦吉特_翟,平原,夜靈平原,
Vargeet_Jai_II,瓦吉特_翟_II,瓦吉特_翟_II,平原,夜靈平原,
Vargeet_Ruhang,瓦吉特_如杭,瓦吉特_如杭,平原,夜靈平原,
Vargeet_Ruhang_II,瓦吉特_如杭_II,瓦吉特_如杭_II,平原,夜靈平原,
Xiphos,Xiphos,Xiphos,登陸艇,,
Liset,Liset,Liset,登陸艇,,
Mantis,Mantis,Mantis,登陸艇,,
Scimitar,Scimitar,Scimitar,登陸艇,,
Amesha,Amesha,Amesha,Archwing,,
Elytron,Elytron,Elytron,Archwing,,
Itzal,Itzal,Itzal,Archwing,,
Odonata,Odonata,Odonata,Archwing,,
Odonata_Prime,Odonata_Prime,Odonata_Prime,Archwing,,
Athodai,阿索代,厄索戴,武器,,
Quassus,威震武扇,夸瑟,武器,魔裔禁地,
Necramech,殁世机甲,亡骸機甲,平原,魔裔禁地,
Cortege,送葬者,頌葬者,Archwing武器,魔裔禁地,
Zymos,邪莫斯,宰魔,武器,魔裔禁地,
Keratinos,卡提努之爪,鋒角之爪,武器,魔裔禁地,
Trumna,灭杀者,創痍者,武器,魔裔禁地,
Sepulcrum,追击者,鑿墓者,武器,魔裔禁地,
Necralisk,殁世幽都,亡骸殿,平原,魔裔禁地,
Thaumic_Distillate,精粹萨莫石,精萃奇魔礦,平原,魔裔禁地,
Scintillant,闪烁体,閃爍虛靈,平原,魔裔禁地,
Pustulite,利刃爪疱,繫爪孢籽,平原,魔裔禁地,
Ganglion,神经节囊,神經結節,平原,魔裔禁地,
Spinal_Core_Section,脊髓核心节,脊髓核心剖面,平原,魔裔禁地,
Lucent_Teroglobe,泰罗光球,發光源球,平原,魔裔禁地,
Stropha,诡计之刃,詭詐鋒刃,武器,,
Mausolon,惩戒者,造陵者,Archwing武器,魔裔禁地,
Voidrig,虚空锐将,虛空魂,平原,魔裔禁地,
Necramech_Continuity,殁世机甲_持久力,亡骸機甲_持久力,MOD,亡骸機甲MOD,
Necramech_Vitality,殁世机甲_生命力,亡骸機甲_生命力,MOD,亡骸機甲MOD,
Necramech_Steel_Fiber,殁世机甲_钢铁纤维,亡骸機甲_鋼鐵纖維,MOD,亡骸機甲MOD,
Necramech_Intensify,殁世机甲_聚精会神,亡骸機甲_聚精會神,MOD,亡骸機甲MOD,
Necramech_Pressure_Point,殁世机甲_压迫点,亡骸機甲_壓迫點,MOD,亡骸機甲MOD,
Necramech_Streamline,殁世机甲_简化,亡骸機甲_簡化,MOD,亡骸機甲MOD,
Necramech_Reach,殁世机甲_剑风,亡骸機甲_劍風,MOD,亡骸機甲MOD,
Necramech_Deflection,殁世机甲_充能,亡骸機甲_蓄能重劃,MOD,亡骸機甲MOD,
Necramech_Slipstream,殁世机甲_滑流,亡骸機甲_氣流動,MOD,亡骸機甲MOD,
Necramech_Seismic_Wave,殁世机甲_震波,亡骸機甲_震波,MOD,亡骸機甲MOD,
Necramech_Refuel,殁世机甲_燃料补给,亡骸機甲_燃料補給,MOD,亡骸機甲MOD,
Necramech_Thrusters,殁世机甲_推进器,亡骸機甲_推進器,MOD,亡骸機甲MOD,
Primed_Rubedo-Lined_Barrel,红晶枪管Prime,紅晶槍管Prime,MOD,Prime_MOD,空戰MOD
Brash,急躁,暴獄,平原,奧布山谷,握把
Shrewd,精明,精捷,平原,奧布山谷,握把
Steadyslam,稳击,固擊,平原,奧布山谷,握把
Tremor,震颤,顫動,平原,奧布山谷,握把
Stahlta,钢刃步枪,鋼砲步槍,武器,,
Vaykor_Sydon,勇气恶龙,勇氣惡龍,武器,,
Telos_Boltor,终极螺钉步枪,終極螺釘步槍,武器,,
Telos_Boltace,终极螺钉拐刃,終極螺釘拐刃,武器,,
Velox,逐电,迅敏屠夫,武器,,
Xoris,驱魔之刃,索瑞斯,武器,,
Deep_Hold,深度容纳,深度掌握,MOD,航宇電設,
Cruising_Speed,巡航速度,飛翼旋風,MOD,航宇電設,
Quicklock,快速锁定,迅速鎖定,MOD,航宇電設,
Artillery_Cheap_Shot,高效光能炮,巨砲回扣,MOD,航宇電設,
Ordnance_Cheap_Shot,高效火炮,火砲回扣,MOD,航宇電設,
Turret_Velocity,炮台速度,砲塔速度,MOD,航宇電設,
Ordnance_Velocity,火炮速度,火砲速度,MOD,航宇電設,
Pangolin_Prime,鲮鲤剑Prime,鯪鯉劍Prime,武器,,
Corinth_Prime,科林斯Prime,科林斯Prime,武器,,
Murex,骨螺战舰,骨螺母艦,敵人,Sentient,猩紅標槍
Skold_Crewship,斯考尔德战舰,史寇德戰艦,敵人,Grineer,九重天
Exo_Skold_Crewship,邃域斯考尔德战舰,深空史寇德戰艦,敵人,Grineer,九重天
Breach_Adrenaline,闭合激效,裂口促進,MOD,航宇電設,
Sentient_Fortitude,Sentient坚毅抵御,Sentient剛毅,MOD,航宇電設,
Hardened_Casing,硬质封填,包覆強化,MOD,航宇電設,
Overloader,超量载弹,超量填彈,MOD,航宇電設,
Operation:_Scarlet_Spear,行动代号：猩红之矛,行動代號：猩紅標槍,行動代號,,猩紅標槍
Stance_Forma,架势Forma,架式Forma,雜項,鋼韌之道,猩紅標槍
Basmu,巴什穆,雙角蛇,武器,,猩紅標槍
Ceti_Lacera,天仓悲痛之刃,刻帝悲痛之刃,武器,,猩紅標槍
Lanzo,兰佐鱼叉,蘭佐魚叉,平原,夜靈平原,釣魚
Tulok,图洛克鱼叉,圖洛克魚叉,平原,夜靈平原,釣魚
Peram,佩拉姆鱼叉,佩拉姆魚叉,平原,夜靈平原,釣魚
Shockprod,电冲刺鱼叉,休克波魚叉,平原,奧布山谷,釣魚
Stunna,电震波鱼叉,史鈍那魚叉,平原,奧布山谷,釣魚
Kuva_Nukor,赤毒努寇微波枪,赤毒努寇微波槍,武器,赤毒武器,
Kuva_Hind,赤毒雌鹿,赤毒雌鹿,武器,赤毒武器,
Kuva_Bramma,赤毒布拉玛,赤毒布拉瑪,武器,赤毒武器,
Kosma_Cutter,深空切割战机,寰宇截擊號,敵人,Grineer,九重天
Cutter,切割战机,截擊號,敵人,Grineer,九重天
Gyre_Cutter,回旋切割战机,鎮星截擊號,敵人,Grineer,九重天
Exo_Cutter,邃域切割战机,深空截擊號,敵人,Grineer,九重天
Taktis,战术战机,戰略號,敵人,Grineer,九重天
Kosma_Taktis,深空战术战机,寰宇戰略號,敵人,Grineer,九重天
Gyre_Taktis,回旋战术战机,鎮星戰略號,敵人,Grineer,九重天
Exo_Taktis,邃域战术战机,深空戰略號,敵人,Grineer,九重天
Flak,高炮战机,轟擊號,敵人,Grineer,九重天
Kosma_Flak,深空高炮战机,寰宇轟擊號,敵人,Grineer,九重天
Gyre_Flak,回旋高炮战机,鎮星轟擊號,敵人,Grineer,九重天
Exo_Flak,邃域高炮战机,深空轟擊號,敵人,Grineer,九重天
Outrider,先驱战机,先驅偵察機,敵人,Grineer,九重天
Kosma_Outrider,深空先驱战机,寰宇先驅偵察機,敵人,Grineer,九重天
Gyre_Outrider,回旋先驱战机,鎮星先驅偵察機,敵人,Grineer,九重天
Exo_Outrider,邃域先驱战机,深空先驅偵察機,敵人,Grineer,九重天
Gokstad_Crewship,高克斯塔战舰,高克斯塔戰艦,敵人,Grineer,九重天
Kosma_Gokstad_Crewship,深空高克斯塔战舰,寰宇高克斯塔戰艦,敵人,Grineer,九重天
Gyre_Gokstad_Crewship,回旋高克斯塔战舰,鎮星高克斯塔戰艦,敵人,Grineer,九重天
Exo_Gokstad_Crewship,邃域高克斯塔战舰,深空高克斯塔戰艦,敵人,Grineer,九重天
Elite_Kosma_Cutter,精英深空切割战机,精英寰宇截擊號,敵人,Grineer,九重天
Elite_Cutter,精英切割战机,精英截擊號,敵人,Grineer,九重天
Elite_Gyre_Cutter,精英回旋切割战机,精英鎮星截擊號,敵人,Grineer,九重天
Elite_Exo_Cutter,精英邃域切割战机,精英深空截擊號,敵人,Grineer,九重天
Elite_Taktis,精英战术战机,精英戰略號,敵人,Grineer,九重天
Elite_Kosma_Taktis,精英深空战术战机,精英寰宇戰略號,敵人,Grineer,九重天
Elite_Gyre_Taktis,精英回旋战术战机,精英鎮星戰略號,敵人,Grineer,九重天
Elite_Exo_Taktis,精英邃域战术战机,精英深空戰略號,敵人,Grineer,九重天
Elite_Flak,精英高炮战机,精英轟擊號,敵人,Grineer,九重天
Elite_Kosma_Flak,精英深空高炮战机,精英寰宇轟擊號,敵人,Grineer,九重天
Elite_Gyre_Flak,精英回旋高炮战机,精英鎮星轟擊號,敵人,Grineer,九重天
Elite_Exo_Flak,精英邃域高炮战机,精英深空轟擊號,敵人,Grineer,九重天
Elite_Outrider,精英先驱战机,精英先驅偵察機,敵人,Grineer,九重天
Elite_Kosma_Outrider,精英深空先驱战机,精英寰宇先驅偵察機,敵人,Grineer,九重天
Elite_Gyre_Outrider,精英回旋先驱战机,精英鎮星先驅偵察機,敵人,Grineer,九重天
Elite_Exo_Outrider,精英邃域先驱战机,精英深空先驅偵察機,敵人,Grineer,九重天
Elite_Gokstad_Crewship,精英高克斯塔战舰,精英高克斯塔戰艦,敵人,Grineer,九重天
Elite_Kosma_Gokstad_Crewship,精英深空高克斯塔战舰,精英寰宇高克斯塔戰艦,敵人,Grineer,九重天
Elite_Gyre_Gokstad_Crewship,精英回旋高克斯塔战舰,精英鎮星高克斯塔戰艦,敵人,Grineer,九重天
Elite_Exo_Gokstad_Crewship,精英邃域高克斯塔战舰,精英深空高克斯塔戰艦,敵人,Grineer,九重天
Anomaly_Shard,异常碎片,異常碎片,資源,,九重天
Masseter,咀嚼金棒,咀嚼金棒,武器,,
Symbilyst,共生使,共生使,敵人,Sentient,九重天
Baza_Prime,苍鹰Prime,蒼鷹Prime,武器,,
Aksomati_Prime,轻灵月神双枪Prime,輕靈月神雙槍Prime,武器,,
Quellor,压制者,鎮壓者,武器,,
Pennant,尖幡,三角旗,武器,,
Cephalon_Cy,中枢Cy,中樞Cy,NPC,傲浪狂潮,
Rising_Tide,澎湃狂潮,傲浪狂潮,系列任務,傲浪狂潮,
Railjack,航道星舰,銳捷號,,傲浪狂潮,九重天
Cubic_Diodes,立方二极管,立方二極體,資源,,九重天
Pustrels,寄生脓疱,寄生膿疱,資源,,九重天
Copernics,哥白尼能量单元,哥白尼融合電池,資源,,九重天
Carbides,碳化物,碳化物,資源,,九重天
Feast,大块朵颐,大快朵頤,技能,,
Nourish,消化滋养,消化滋養,技能,,
Regurgitate,剧烈反刍,反芻砲彈,技能,,
Pulverize,肉弹碾压,碾壓粉碎,技能,,
Archweapon_Deployer,Archwing枪械设置器,Archwing槍械設置器,物品,,
Celestial_Twin,天圣双身,天聖雙身,技能,,
Odomedic,气息疗愈,氣息療愈,MOD,,
Gale_Kick,狂风猛踢,狂風猛踢,MOD,,
Anti-Grav_Array,反重力阵列,反重力陣列,MOD,,
Kavat's_Grace,库娃的优雅,庫娃的優雅,MOD,,
Amalgam_Swarm_Satyr,并合群集半羊兽,並合半羊獸,敵人,Sentient,
Amalgam_Phase_MOA,并合相位恐鸟,並合恐鳥,敵人,Sentient,
Amalgam_Cinder_Machinist,并合熔渣机械师,並合熔渣機械師,敵人,Sentient,
Amalgam_Arca_Kucumatz,并合弧电羽蛇,並合羽蛇,敵人,Sentient,
Trample,践踏,踐踏,MOD,寵物MOD,專屬MOD
Primal_Fury_(Stance),原始狂怒（架式）,原始狂怒（架式）,MOD,架式,
Calculated_Victory,算计赢家,殺戮獎勵,MOD,手槍MOD,武形秘儀
Combo_Fury,连击狂怒,連擊狂怒,MOD,,
Xaku,Xaku,Xaku,戰甲,,
The_New_War,新纪之战,新紀之戰,系列任務,,
Awakening,觉醒,覺醒,系列任務,,
Vor's_Prize,Vor的战利品,Vor的戰利品,系列任務,,
Heart_of_Deimos,惊惧之心,戰慄魔心,系列任務,,
Saya's_Vigil,Saya的守夜,Saya的守夜,系列任務,,
Vox_Solaris,索拉里斯之声,索拉里斯之聲,系列任務,,
The_Deadlock_Protocol,僵局協議,死鎖協定,系列任務,,
Howl_of_the_Kubrow,库狛取得任务,庫狛取得任務,系列任務,,
Once_Awake,悲剧的开端,悲劇的開端,系列任務,,
The_Archwing,Archwing取得任务,Archwing,系列任務,,
A_Man_of_Few_Words,沉默寡言的男人,沉默寡言的男人,系列任務,,
Stolen_Dreams,被偷走的梦,被偷走的夢,系列任務,,
The_New_Strange,新疑谜团,新疑謎團,系列任務,,
The_Limbo_Theorem,Limbo定理,Limbo定理,系列任務,,
Natah,Natah,Natah,系列任務,,
The_Second_Dream,第二场梦,第二場夢,系列任務,,
The_War_Within,内战,內戰,系列任務,,
Mask_of_the_Revenant,Revenant的面具,Revenant的面具,系列任務,,
Hidden_Messages,被隐藏的信息,被隱藏的訊息,系列任務,,
Chains_of_Harrow,Harrow的枷锁,Harrow的枷鎖,系列任務,,
Apostasy_Prologue,变节序言,變節序言,系列任務,,
The_Sacrifice,牺牲,犧牲,系列任務,,
Sands_of_Inaros,Inaros之沙,Inaros之沙,系列任務,,
The_Silver_Grove,落银树庭,落銀樹庭,系列任務,,
The_Glast_Gambit,Glast的千钧一策,Glast的千鈞一策,系列任務,,
Octavia's_Anthem,Octavia的赞歌,Octavia的讚歌,系列任務,,
Patient_Zero,零号病患,零號病患,系列任務,,
The_Jordas_Precept,Jordas枢律,Jordas樞律,系列任務,,
Cortege_(Atmosphere),送葬者（大气层内）,頌葬者（大氣層內）,重型武器,,
Vitrica,金璃剑,碎璃之劍,武器,,
Nezha_Prime,Nezha_Prime,Nezha_Prime,戰甲,,
Zakti_Prime,毒芽Prime,毒芽Prime,武器,,
Guandao_Prime,关刀Prime,關刀Prime,武器,,
Streamline,简化,簡化,MOD,,
Combo_Killer,连击杀手,連擊殺手,MOD,,
Spinneret_Ephemera,盘丝幻纹,絲囊幻紋,外觀,,
Proboscis_Cernos,刺吸西诺斯,攀吻西諾斯,武器,,
Pulmonars,感染连枷,伏魔之息,武器,,
Bubonico,横痃重炮,疫囊毒砲,武器,,
Sporothrix,孢丝感染枪,毒孢步槍,武器,,
Morgha,置灵者,葬棺者,武器,,
Arum_Spinosa,疆南星刺,蘭膜星,武器,,
Sporelacer,孢射,攙孢,平原,魔裔禁地,槍膛
Vermisplicer,虫置,接蟲,平原,魔裔禁地,槍膛
Palmaris,掌筋,掌骨,平原,魔裔禁地,握把
Ulnaris,尺骨,尺骨,平原,魔裔禁地,握把
Arcroid,弃脓,弦肌,平原,魔裔禁地,填彈器
Thymoid,抑脓,腺肌,平原,魔裔禁地,填彈器
Marco_Arcroid,巨匣弃脓,巨宏弦肌,平原,魔裔禁地,填彈器
Marco_Thymoid,巨匣抑脓,巨宏腺肌,平原,魔裔禁地,填彈器
Bonewidow,骨骸寡妇,骨寡婦,平原,魔裔禁地,
Residual_Viremia,残差毒血,殘餘毒血,平原,魔裔禁地,賦能
Residual_Malodor,残差恶嗅,殘餘惡臭,平原,魔裔禁地,賦能
Residual_Boils,残差燃沸,殘餘癤瘤,平原,魔裔禁地,賦能
Residual_Shock,残差电击,殘餘電觸,平原,魔裔禁地,賦能
Theorem_Contagion,定理触染,定理觸染,平原,魔裔禁地,賦能
Theorem_Demulcent,定理缓和,定理緩和,平原,魔裔禁地,賦能
Theorem_Infection,定理感染,定理感染,平原,魔裔禁地,賦能
Volatile_Rebound,暴怒反弹,易爆反彈,MOD,近戰MOD,專屬MOD
Volatile_Quick_Return,暴怒速返,易爆即返,MOD,近戰MOD,專屬MOD
Martyr_Symbiosis,忠勇共生,殉難共生,MOD,寵物MOD,專屬MOD
Maggot_Summoner,暴怒寄生,爆毒共生,MOD,寵物MOD,專屬MOD
Mach_Crash,马赫崩毁,馬赫猛擊,MOD,戰甲MOD,集團MOD
Blending_Talons,混沌利爪,穿絞利爪,MOD,戰甲MOD,集團MOD
Thrall_Pact,奴仆契约,奴役契約,MOD,戰甲MOD,集團MOD
Critical_Surge,暴击涌流,毀滅湧流,MOD,戰甲MOD,集團MOD
